number,texture groups that occur together
1,"Channery clay loam, Gravelly loam, Silt loam"
2,"Channery fine sandy loam, Cobbly sandy loam, Very fine sandy loam"
3,"Channery fine sandy loam, Fine sandy loam, Loam, Silt loam"
4,"Channery loam, Channery silt loam, Channery very fine sandy loam, Silt loam, Very channery silt loam"
5,"Channery loam, Channery silt loam, Loam"
6,"Channery loam, Channery silt loam, Silt loam"
7,"Channery loam, Channery silt loam, Silt loam, Very channery silt loam"
8,"Channery loam, Channery silt loam, Very channery loam"
9,"Channery loam, Channery silty clay loam, Extremely channery silt loam"
10,"Channery loam, Channery silty clay loam, Very channery silt loam"
11,"Channery loam, Extremely channery loam, Fine sandy loam, Sandy loam, Very channery loam, Very fine sandy loam"
12,"Channery loam, Extremely channery loam, Fine sandy loam, Sandy loam, Very fine sandy loam"
13,"Channery loam, Fine sandy loam, Loam, Sandy loam, Very fine sandy loam"
14,"Channery loam, Fine sandy loam, Sandy loam, Very fine sandy loam"
15,"Channery loam, Gravelly silt loam, Parachannery silt loam, Silt loam"
16,"Channery loam, Gravelly silt loam, Silt loam"
17,"Channery loam, Loam, Silt loam"
18,"Channery loam, Parachannery silt loam, Silt loam"
19,"Channery sandy loam, Sandy loam, Silt loam"
20,"Channery silt loam, Channery very fine sandy loam, Extremely channery silt loam, Gravelly sandy loam, Very channery silt loam"
21,"Channery silt loam, Cobbly silt loam, Loam"
22,"Channery silt loam, Extremely channery loam, Very channery loam"
23,"Channery silt loam, Extremely channery silt loam, Very channery loam, Very channery silt loam"
24,"Channery silt loam, Extremely gravelly fine sandy loam, Gravelly sandy loam, Gravelly very fine sandy loam, Very gravelly loam"
25,"Channery silt loam, Fine sandy loam, Loam, Silt loam"
26,"Channery silt loam, Gravelly fine sandy loam, Loam"
27,"Channery silt loam, Gravelly fine sandy loam, Loam, Sandy loam"
28,"Channery silt loam, Gravelly loam, Loam"
29,"Channery silt loam, Gravelly loam, Silt loam"
30,"Channery silt loam, Gravelly loam, Silt loam, Very channery silt loam"
31,"Channery silt loam, Gravelly loam, Very channery loam"
32,"Channery silt loam, Gravelly loam, Very channery sandy loam, Very channery very fine sandy loam"
33,"Channery silt loam, Gravelly loam, Very channery silt loam"
34,"Channery silt loam, Gravelly loam, Very fine sandy loam, Very gravelly loam"
35,"Channery silt loam, Gravelly silt loam, Gravelly very fine sandy loam"
36,"Channery silt loam, Gravelly silt loam, Loam"
37,"Channery silt loam, Loam, Parachannery silt loam"
38,"Channery silt loam, Loam, Silt loam"
39,"Channery silt loam, Loam, Silt loam, Very channery silt loam"
40,"Channery silt loam, Parachannery loam, Silt loam, Very parachannery loam"
41,"Channery silt loam, Silt loam"
42,"Channery silt loam, Silt loam, Very channery coarse sand"
43,"Channery silt loam, Silt loam, Very gravelly loam"
44,"Channery silt loam, Very channery loam, Very channery silt loam"
45,"Channery silt loam, Very channery silt loam"
46,"Channery very fine sandy loam, Fine sandy loam, Loam, Silt loam"
47,"Clay loam, Gravelly clay loam, Gravelly loam, Silt loam"
48,"Clay loam, Gravelly loam, Silt loam"
49,"Clay loam, Silt loam, Silty clay loam"
50,"Clay, Clay loam, Silty clay"
51,"Clay, Clay loam, Silty clay loam"
52,"Clay, Silt loam, Silty clay"
53,"Clay, Silt loam, Silty clay loam"
54,"Clay, Silty clay"
55,"Clay, Silty clay, Silty clay loam"
56,"Coarse sand, Cobbly coarse sand, Extremely cobbly coarse sand, Fine sand, Gravelly coarse sand, Sand, Very cobbly coarse sand, Very gravelly coarse sand"
57,"Coarse sand, Fine sand, Fine sandy loam, Loamy fine sand, Loamy sand, Mucky coarse sand, Mucky fine sand, Mucky fine sandy loam, Mucky loamy fine sand, Mucky loamy sand, Mucky sand, Mucky sandy loam, Sand, Sandy loam"
58,"Coarse sand, Fine sand, Gravelly coarse sand, Loamy fine sand, Loamy sand, Mucky coarse sand, Mucky fine sand, Mucky loamy fine sand, Mucky loamy sand, Mucky sand, Sand"
59,"Coarse sand, Fine sand, Gravelly coarse sand, Loamy fine sand, Loamy sand, Sand"
60,"Coarse sand, Fine sand, Gravelly fine sand"
61,"Coarse sand, Fine sand, Gravelly sand"
62,"Coarse sand, Fine sand, Gravelly sand, Loamy fine sand, Loamy sand, Sand, Stratified gravelly sand to sand"
63,"Coarse sand, Fine sand, Gravelly sand, Loamy sand, Sand"
64,"Coarse sand, Fine sand, Gravelly sand, Sand"
65,"Coarse sand, Fine sand, Loamy coarse sand, Loamy fine sand, Loamy sand, Sand"
66,"Coarse sand, Fine sand, Loamy fine sand"
67,"Coarse sand, Fine sand, Loamy fine sand, Loamy sand, Mucky coarse sand, Mucky fine sand, Mucky loamy fine sand, Mucky loamy sand, Mucky sand, Sand"
68,"Coarse sand, Fine sand, Loamy fine sand, Loamy sand, Sand"
69,"Coarse sand, Fine sand, Loamy sand"
70,"Coarse sand, Fine sand, Mucky coarse sand, Mucky fine sand, Mucky sand, Sand"
71,"Coarse sand, Fine sand, Sand"
72,"Coarse sand, Gravelly sand, Loamy fine sand, Loamy sand"
73,"Coarse sand, Gravelly sand, Loamy sand, Very gravelly sand"
74,"Coarse sand, Gravelly sandy loam, Loamy sand, Very gravelly coarse sand, Very gravelly loamy sand"
75,"Coarse sand, Loamy coarse sand, Loamy sand"
76,"Coarse sand, Loamy fine sand, Loamy sand"
77,"Coarse sand, Loamy fine sand, Sand"
78,"Coarse sand, Loamy sand, Sand"
79,"Coarse sandy loam, Cobbly loamy coarse sand, Fine sandy loam, Gravelly loamy sand, Loamy coarse sand, Loamy fine sand, Loamy sand, Sand, Sandy loam, Very gravelly sandy loam"
80,"Coarse sandy loam, Extremely gravelly loamy coarse sand, Fine sandy loam, Sandy loam"
81,"Coarse sandy loam, Fine sandy loam, Gravelly coarse sandy loam, Gravelly fine sandy loam, Gravelly sandy loam, Gravelly very fine sandy loam, Sandy loam, Very fine sandy loam"
82,"Coarse sandy loam, Fine sandy loam, Gravelly fine sandy loam, Loam"
83,"Coarse sandy loam, Fine sandy loam, Gravelly loamy sand, Loamy coarse sand, Loamy fine sand, Loamy sand, Sandy loam, Very fine sandy loam, Very gravelly sandy loam"
84,"Coarse sandy loam, Fine sandy loam, Loamy fine sand, Very fine sandy loam"
85,"Coarse sandy loam, Fine sandy loam, Sandy loam"
86,"Coarse sandy loam, Gravelly fine sandy loam, Loam"
87,"Cobbly coarse sand, Gravelly loamy fine sand, Gravelly loamy sand"
88,"Cobbly coarse sand, Gravelly loamy fine sand, Gravelly sand"
89,"Cobbly coarse sand, Gravelly loamy fine sand, Very gravelly loamy sand"
90,"Cobbly coarse sand, Gravelly loamy sand, Very gravelly sand"
91,"Cobbly coarse sand, Gravelly sand, Loamy fine sand, Sand, Stratified sand to loamy fine sand, Very gravelly coarse sand, Very gravelly sand"
92,"Cobbly fine sandy loam, Fine sandy loam, Gravelly fine sandy loam, Loam, Sandy loam, Very fine sandy loam"
93,"Cobbly fine sandy loam, Fine sandy loam, Loam, Sandy loam"
94,"Cobbly fine sandy loam, Gravelly fine sandy loam, Highly organic fine sandy loam, Loam, Sandy loam, Very fine sandy loam"
95,"Cobbly fine sandy loam, Gravelly loamy sand, Sandy loam"
96,"Cobbly fine sandy loam, Gravelly sandy loam, Silt loam"
97,"Cobbly loam, Fine sandy loam, Gravelly fine sandy loam"
98,"Cobbly loam, Gravelly silt loam, Silt loam"
99,"Cobbly loamy coarse sand, Extremely cobbly loamy coarse sand, Extremely gravelly coarse sand, Loamy coarse sand, Loamy fine sand, Loamy sand, Sand, Very gravelly loamy sand, Very gravelly sand"
100,"Cobbly loamy coarse sand, Extremely gravelly coarse sand, Gravelly loamy sand, Loamy coarse sand, Loamy fine sand, Loamy sand, Sand"
101,"Cobbly loamy sand, Gravelly fine sandy loam, Sandy loam"
102,"Cobbly loamy sand, Gravelly sandy loam, Sandy loam"
103,"Cobbly sandy loam, Fine sandy loam, Gravelly very fine sandy loam"
104,"Cobbly sandy loam, Fine sandy loam, Loam, Sandy loam"
105,"Cobbly sandy loam, Gravelly fine sandy loam, Loam"
106,"Cobbly sandy loam, Gravelly fine sandy loam, Silt loam"
107,"Cobbly sandy loam, Gravelly fine sandy loam, Silt loam, Very cobbly sandy loam"
108,"Cobbly sandy loam, Gravelly fine sandy loam, Silt loam, Very cobbly sandy loam, Very gravelly fine sandy loam"
109,"Cobbly sandy loam, Gravelly silt loam, Very gravelly silt loam"
110,"Cobbly silt loam, Extremely flaggy silt loam, Gravelly loam, Silt loam"
111,"Cobbly silt loam, Gravelly loam, Silt loam"
112,"Cobbly silt loam, Gravelly loam, Very cobbly silt loam"
113,"Cobbly silt loam, Loam, Parachannery silt loam"
114,"Extremely channery loam, Extremely channery silt loam, Very channery loam, Very channery silt loam"
115,"Extremely channery loam, Silt loam, Very channery silt loam"
116,"Extremely channery loam, Very channery loam, Very channery sandy loam, Very channery silt loam"
117,"Extremely channery silt loam, Very channery loam, Very channery sandy loam, Very flaggy loam"
118,"Extremely cobbly coarse sand, Very gravelly fine sandy loam, Very gravelly sandy loam"
119,"Extremely cobbly loamy coarse sand, Extremely gravelly coarse sand, Extremely gravelly sand, Stratified gravel to very gravelly sand, Very gravelly loamy coarse sand, Very gravelly sand"
120,"Extremely cobbly loamy sand, Sandy loam"
121,"Extremely flaggy loam, Very channery sandy loam, Very channery silt loam"
122,"Extremely gravelly coarse sand, Extremely gravelly loamy coarse sand, Extremely gravelly sand, Gravelly coarse sand, Gravelly loamy coarse sand, Gravelly sand, Very gravelly coarse sand, Very gravelly loamy coarse sand, Very gravelly sand"
123,"Extremely gravelly coarse sand, Extremely gravelly loamy sand, Very gravelly loamy sand, Very gravelly sandy loam"
124,"Extremely gravelly coarse sand, Extremely gravelly sand, Very gravelly coarse sand"
125,"Extremely gravelly coarse sand, Extremely gravelly sand, Very gravelly loamy sand"
126,"Extremely gravelly coarse sand, Extremely gravelly sand, Very gravelly sand"
127,"Extremely gravelly coarse sand, Fine sandy loam, Loamy sand, Sandy loam"
128,"Extremely gravelly coarse sand, Gravelly fine sandy loam, Gravelly loamy sand, Very gravelly sandy loam"
129,"Extremely gravelly coarse sand, Gravelly loamy sand, Very gravelly sand"
130,"Extremely gravelly coarse sand, Sand"
131,"Extremely gravelly coarse sand, Very cobbly sand, Very gravelly loamy sand"
132,"Extremely gravelly coarse sand, Very gravelly coarse sand, Very gravelly sand"
133,"Extremely gravelly coarse sand, Very gravelly loamy fine sand, Very gravelly loamy sand"
134,"Extremely gravelly coarse sand, Very gravelly loamy sand, Very gravelly sand"
135,"Extremely gravelly fine sandy loam, Gravelly fine sandy loam, Loam, Sandy loam, Very fine sandy loam"
136,"Extremely gravelly loam, Gravelly loam, Very channery silt loam, Very gravelly sandy loam"
137,"Extremely gravelly loamy coarse sand, Gravelly sandy loam, Very gravelly loamy sand, Very gravelly sand"
138,"Extremely gravelly loamy coarse sand, Very cobbly sand, Very gravelly coarse sand, Very gravelly loamy sand"
139,"Extremely gravelly loamy coarse sand, Very gravelly coarse sand"
140,"Extremely gravelly loamy fine sand, Gravelly loamy fine sand, Very gravelly loamy sand, Very gravelly sand"
141,"Extremely gravelly loamy sand, Gravelly loamy fine sand, Very gravelly loamy sand, Very gravelly sand"
142,"Extremely gravelly loamy sand, Very channery fine sandy loam, Very cobbly sandy loam"
143,"Extremely gravelly sand, Gravelly coarse sand, Very gravelly loamy coarse sand"
144,"Extremely gravelly sand, Gravelly fine sandy loam, Very gravelly coarse sand"
145,"Extremely gravelly sand, Gravelly loamy sand, Loamy coarse sand, Very gravelly coarse sand"
146,"Extremely gravelly sand, Very gravelly coarse sand, Very gravelly loamy coarse sand"
147,"Extremely gravelly sand, Very gravelly coarse sand, Very gravelly loamy sand"
148,"Extremely gravelly sandy loam, Gravelly loam, Very channery silt loam, Very gravelly sandy loam"
149,"Extremely parachannery loam, Parachannery sandy loam, Very parachannery silt loam"
150,"Fine sand, Fine sandy loam, Loamy fine sand, Loamy sand, Sand, Sandy loam"
151,"Fine sand, Fine sandy loam, Loamy sand"
152,"Fine sand, Fine sandy loam, Very fine sand"
153,"Fine sand, Gravelly coarse sand, Sand"
154,"Fine sand, Gravelly loamy fine sand, Very gravelly coarse sand"
155,"Fine sand, Gravelly loamy sand, Sand"
156,"Fine sand, Loamy fine sand, Loamy sand, Sand"
157,"Fine sand, Loamy fine sand, Sand"
158,"Fine sand, Loamy fine sand, Stratified gravelly sand"
159,"Fine sand, Loamy fine sand, Very gravelly sand"
160,"Fine sand, Loamy sand, Sand"
161,"Fine sand, Sand"
162,"Fine sand, Sand, Very fine sand"
163,"Fine sand, Sand, Very fine sandy loam"
164,"Fine sand, Very fine sandy loam"
165,"Fine sandy loam, Gravelly coarse sand, Loamy fine sand, Loamy sand"
166,"Fine sandy loam, Gravelly coarse sand, Loamy sand, Sandy loam"
167,"Fine sandy loam, Gravelly fine sandy loam"
168,"Fine sandy loam, Gravelly fine sandy loam, Gravelly loam, Loam"
169,"Fine sandy loam, Gravelly fine sandy loam, Gravelly loam, Sandy loam"
170,"Fine sandy loam, Gravelly fine sandy loam, Gravelly loam, Sandy loam, Very gravelly fine sandy loam"
171,"Fine sandy loam, Gravelly fine sandy loam, Gravelly sandy loam"
172,"Fine sandy loam, Gravelly fine sandy loam, Gravelly sandy loam, Gravelly very fine sandy loam, Sandy loam, Very fine sandy loam"
173,"Fine sandy loam, Gravelly fine sandy loam, Gravelly sandy loam, Loam"
174,"Fine sandy loam, Gravelly fine sandy loam, Gravelly sandy loam, Sandy loam"
175,"Fine sandy loam, Gravelly fine sandy loam, Gravelly sandy loam, Sandy loam, Very gravelly fine sandy loam"
176,"Fine sandy loam, Gravelly fine sandy loam, Gravelly silt loam, Sandy loam, Silt loam"
177,"Fine sandy loam, Gravelly fine sandy loam, Loam"
178,"Fine sandy loam, Gravelly fine sandy loam, Loam, Sandy loam"
179,"Fine sandy loam, Gravelly fine sandy loam, Loam, Sandy loam, Silt loam"
180,"Fine sandy loam, Gravelly fine sandy loam, Loam, Sandy loam, Silt loam, Very gravelly fine sandy loam"
181,"Fine sandy loam, Gravelly fine sandy loam, Loam, Sandy loam, Very fine sandy loam"
182,"Fine sandy loam, Gravelly fine sandy loam, Loam, Sandy loam, Very fine sandy loam, Very gravelly fine sandy loam"
183,"Fine sandy loam, Gravelly fine sandy loam, Loam, Sandy loam, Very gravelly fine sandy loam"
184,"Fine sandy loam, Gravelly fine sandy loam, Loam, Sandy loam, Very gravelly sandy loam"
185,"Fine sandy loam, Gravelly fine sandy loam, Loam, Silt loam"
186,"Fine sandy loam, Gravelly fine sandy loam, Loamy sand, Sandy loam"
187,"Fine sandy loam, Gravelly fine sandy loam, Sandy loam"
188,"Fine sandy loam, Gravelly fine sandy loam, Sandy loam, Silt loam"
189,"Fine sandy loam, Gravelly fine sandy loam, Silt loam, Very fine sandy loam"
190,"Fine sandy loam, Gravelly fine sandy loam, Very fine sandy loam"
191,"Fine sandy loam, Gravelly fine sandy loam, Very gravelly coarse sandy loam"
192,"Fine sandy loam, Gravelly loam"
193,"Fine sandy loam, Gravelly loam, Gravelly sandy loam"
194,"Fine sandy loam, Gravelly loam, Gravelly silt loam"
195,"Fine sandy loam, Gravelly loam, Highly organic loam, Sandy loam, Very fine sandy loam"
196,"Fine sandy loam, Gravelly loam, Highly organic loam, Sandy loam, Very fine sandy loam, Very gravelly loam"
197,"Fine sandy loam, Gravelly loam, Loam, Sandy loam"
198,"Fine sandy loam, Gravelly loam, Loam, Sandy loam, Very fine sandy loam"
199,"Fine sandy loam, Gravelly loam, Loam, Sandy loam, Very fine sandy loam, Very gravelly loam"
200,"Fine sandy loam, Gravelly loam, Sandy loam"
201,"Fine sandy loam, Gravelly loam, Silt loam, Silty clay loam"
202,"Fine sandy loam, Gravelly loamy sand, Gravelly sandy loam"
203,"Fine sandy loam, Gravelly loamy sand, Loamy coarse sand, Loamy fine sand, Sandy loam"
204,"Fine sandy loam, Gravelly loamy sand, Loamy fine sand, Sandy loam, Very gravelly loamy coarse sand"
205,"Fine sandy loam, Gravelly loamy sand, Loamy fine sand, Very gravelly sandy loam"
206,"Fine sandy loam, Gravelly sandy loam"
207,"Fine sandy loam, Gravelly sandy loam, Gravelly silt loam, Sandy loam, Silt loam"
208,"Fine sandy loam, Gravelly sandy loam, Gravelly silt loam, Sandy loam, Silt loam, Very gravelly sandy loam, Very gravelly silt loam"
209,"Fine sandy loam, Gravelly sandy loam, Gravelly very fine sandy loam"
210,"Fine sandy loam, Gravelly sandy loam, Gravelly very fine sandy loam, Loam"
211,"Fine sandy loam, Gravelly sandy loam, Loam"
212,"Fine sandy loam, Gravelly sandy loam, Loam, Sandy loam, Silt loam"
213,"Fine sandy loam, Gravelly sandy loam, Loam, Silt loam"
214,"Fine sandy loam, Gravelly sandy loam, Loam, Very fine sandy loam"
215,"Fine sandy loam, Gravelly sandy loam, Loamy coarse sand, Sandy loam"
216,"Fine sandy loam, Gravelly sandy loam, Loamy sand"
217,"Fine sandy loam, Gravelly sandy loam, Loamy sand, Sandy loam"
218,"Fine sandy loam, Gravelly sandy loam, Loamy sand, Very stony loamy sand"
219,"Fine sandy loam, Gravelly sandy loam, Sandy loam"
220,"Fine sandy loam, Gravelly sandy loam, Sandy loam, Very stony loamy sand"
221,"Fine sandy loam, Gravelly sandy loam, Silt loam"
222,"Fine sandy loam, Gravelly sandy loam, Very gravelly coarse sandy loam"
223,"Fine sandy loam, Gravelly sandy loam, Very gravelly fine sandy loam"
224,"Fine sandy loam, Gravelly silt loam, Loam"
225,"Fine sandy loam, Gravelly silt loam, Loam, Silt loam"
226,"Fine sandy loam, Gravelly silt loam, Silt loam"
227,"Fine sandy loam, Gravelly silt loam, Silty clay loam"
228,"Fine sandy loam, Loam"
229,"Fine sandy loam, Loam, Loamy sand, Sandy loam, Very fine sandy loam, Very gravelly fine sandy loam"
230,"Fine sandy loam, Loam, Sandy loam"
231,"Fine sandy loam, Loam, Sandy loam, Silt loam"
232,"Fine sandy loam, Loam, Sandy loam, Silt loam, Very gravelly fine sandy loam"
233,"Fine sandy loam, Loam, Sandy loam, Very fine sandy loam"
234,"Fine sandy loam, Loam, Sandy loam, Very fine sandy loam, Very gravelly fine sandy loam"
235,"Fine sandy loam, Loam, Sandy loam, Very fine sandy loam, Very gravelly loam"
236,"Fine sandy loam, Loam, Silt loam"
237,"Fine sandy loam, Loam, Silt loam, Very fine sandy loam"
238,"Fine sandy loam, Loam, Very gravelly sandy loam"
239,"Fine sandy loam, Loamy coarse sand, Sandy loam, Very gravelly loamy sand"
240,"Fine sandy loam, Loamy fine sand, Loamy sand"
241,"Fine sandy loam, Loamy fine sand, Mucky sand"
242,"Fine sandy loam, Loamy fine sand, Sandy loam"
243,"Fine sandy loam, Loamy sand, Sandy loam"
244,"Fine sandy loam, Loamy very fine sand, Silt loam"
245,"Fine sandy loam, Mucky loamy fine sand, Mucky sand"
246,"Fine sandy loam, Mucky silt loam, Silt loam"
247,"Fine sandy loam, Sandy loam"
248,"Fine sandy loam, Sandy loam, Silt loam"
249,"Fine sandy loam, Sandy loam, Silt loam, Very flaggy very fine sandy loam"
250,"Fine sandy loam, Sandy loam, Stony fine sandy loam, Stony sandy loam"
251,"Fine sandy loam, Sandy loam, Very fine sandy loam"
252,"Fine sandy loam, Sandy loam, Very gravelly coarse sandy loam"
253,"Fine sandy loam, Sandy loam, Very gravelly loam"
254,"Fine sandy loam, Sandy loam, Very gravelly loamy sand"
255,"Fine sandy loam, Silt loam, Silty clay loam"
256,"Fine sandy loam, Silt loam, Very fine sandy loam"
257,"Fine sandy loam, Very fine sandy loam"
258,"Fine sandy loam, Very gravelly fine sandy loam"
259,"Gravel, Stratified gravel to coarse sand, Stratified gravel to cobbles, Stratified gravel to extremely gravelly coarse sand, Stratified gravel to extremely gravelly sand, Stratified gravel to gravelly coarse sand, Stratified gravel to gravelly sand, Stratified gravel to sand, Stratified gravel to very gravelly coarse sand, Stratified gravel to very gravelly sand"
260,"Gravelly clay loam, Gravelly loam, Silt loam"
261,"Gravelly coarse sand, Loamy sand, Sand"
262,"Gravelly coarse sand, Sand"
263,"Gravelly coarse sandy loam, Gravelly sandy loam, Very gravelly sand"
264,"Gravelly coarse sandy loam, Gravelly silt loam, Silt loam"
265,"Gravelly coarse sandy loam, Very gravelly coarse sandy loam, Very gravelly loamy coarse sand"
266,"Gravelly coarse sandy loam, Very gravelly sand, Very gravelly sandy loam"
267,"Gravelly fine sand, Gravelly sandy loam, Sandy loam"
268,"Gravelly fine sandy loam, Gravelly loam, Gravelly sandy loam"
269,"Gravelly fine sandy loam, Gravelly loam, Loam"
270,"Gravelly fine sandy loam, Gravelly loam, Loam, Very gravelly sandy loam"
271,"Gravelly fine sandy loam, Gravelly loam, Mucky fine sandy loam, Sandy loam"
272,"Gravelly fine sandy loam, Gravelly loam, Mucky fine sandy loam, Sandy loam, Very gravelly fine sandy loam"
273,"Gravelly fine sandy loam, Gravelly loam, Sandy loam"
274,"Gravelly fine sandy loam, Gravelly loamy sand, Gravelly sandy loam"
275,"Gravelly fine sandy loam, Gravelly loamy sand, Loamy sand"
276,"Gravelly fine sandy loam, Gravelly sandy loam"
277,"Gravelly fine sandy loam, Gravelly sandy loam, Gravelly silt loam"
278,"Gravelly fine sandy loam, Gravelly sandy loam, Loam"
279,"Gravelly fine sandy loam, Gravelly sandy loam, Silt loam"
280,"Gravelly fine sandy loam, Gravelly sandy loam, Very gravelly coarse sandy loam"
281,"Gravelly fine sandy loam, Gravelly sandy loam, Very gravelly loamy sand"
282,"Gravelly fine sandy loam, Gravelly silt loam, Loam"
283,"Gravelly fine sandy loam, Gravelly silt loam, Sandy loam"
284,"Gravelly fine sandy loam, Highly organic fine sandy loam, Loam, Sandy loam, Very fine sandy loam, Very gravelly fine sandy loam"
285,"Gravelly fine sandy loam, Loam, Sandy loam"
286,"Gravelly fine sandy loam, Loam, Sandy loam, Silt loam, Silty clay loam"
287,"Gravelly fine sandy loam, Loam, Sandy loam, Very fine sandy loam"
288,"Gravelly fine sandy loam, Loam, Sandy loam, Very fine sandy loam, Very gravelly fine sandy loam"
289,"Gravelly fine sandy loam, Loam, Silt loam"
290,"Gravelly fine sandy loam, Loam, Very gravelly sandy loam"
291,"Gravelly fine sandy loam, Sandy loam"
292,"Gravelly fine sandy loam, Sandy loam, Silt loam"
293,"Gravelly fine sandy loam, Sandy loam, Very gravelly loam"
294,"Gravelly fine sandy loam, Sandy loam, Very gravelly loamy sand"
295,"Gravelly fine sandy loam, Silt loam, Silty clay loam"
296,"Gravelly fine sandy loam, Very fine sandy loam, Very gravelly loamy coarse sand"
297,"Gravelly fine sandy loam, Very gravelly coarse sand, Very gravelly sandy loam"
298,"Gravelly loam, Gravelly sandy loam, Gravelly silt loam"
299,"Gravelly loam, Gravelly sandy loam, Loamy sand, Sand, Silt loam, Silty clay loam"
300,"Gravelly loam, Gravelly sandy loam, Silt loam"
301,"Gravelly loam, Gravelly silt loam, Loam"
302,"Gravelly loam, Gravelly silt loam, Loam, Silt loam"
303,"Gravelly loam, Gravelly silt loam, Loam, Silt loam, Very gravelly loam"
304,"Gravelly loam, Gravelly silt loam, Sandy loam, Silt loam"
305,"Gravelly loam, Gravelly silt loam, Silt loam"
306,"Gravelly loam, Gravelly silt loam, Silty clay loam"
307,"Gravelly loam, Gravelly silt loam, Very gravelly sandy loam"
308,"Gravelly loam, Gravelly very fine sandy loam, Silt loam"
309,"Gravelly loam, Loam, Sandy loam"
310,"Gravelly loam, Loam, Silt loam"
311,"Gravelly loam, Parachannery silt loam, Silt loam"
312,"Gravelly loam, Sandy loam, Silt loam, Silty clay loam"
313,"Gravelly loam, Sandy loam, Very gravelly fine sandy loam"
314,"Gravelly loam, Sandy loam, Very gravelly very fine sandy loam"
315,"Gravelly loam, Silt loam"
316,"Gravelly loam, Silt loam, Silty clay loam"
317,"Gravelly loam, Silt loam, Very fine sandy loam"
318,"Gravelly loam, Silt loam, Very gravelly silt loam"
319,"Gravelly loam, Very gravelly fine sandy loam, Very gravelly sandy loam"
320,"Gravelly loamy coarse sand, Gravelly loamy sand, Gravelly sand, Very gravelly loamy coarse sand, Very gravelly loamy sand, Very gravelly sand"
321,"Gravelly loamy fine sand, Gravelly loamy sand, Gravelly sand, Gravelly silt loam, Gravelly very fine sandy loam, Loamy fine sand, Loamy sand, Sand, Silt loam, Very fine sandy loam"
322,"Gravelly loamy fine sand, Sand, Very gravelly coarse sand"
323,"Gravelly loamy fine sand, Very gravelly coarse sand, Very gravelly sand"
324,"Gravelly loamy fine sand, Very gravelly loamy sand, Very gravelly sand"
325,"Gravelly loamy sand, Gravelly sand, Loamy sand"
326,"Gravelly loamy sand, Gravelly sand, Sand"
327,"Gravelly loamy sand, Gravelly sand, Very gravelly sand"
328,"Gravelly loamy sand, Gravelly sandy loam, Loamy sand, Sandy loam, Very gravelly loamy sand, Very gravelly sandy loam"
329,"Gravelly loamy sand, Gravelly sandy loam, Sandy loam"
330,"Gravelly loamy sand, Loamy coarse sand, Loamy fine sand, Loamy sand"
331,"Gravelly loamy sand, Loamy fine sand, Loamy sand, Stratified loamy sand to loamy fine sand"
332,"Gravelly loamy sand, Very gravelly coarse sand, Very gravelly sand"
333,"Gravelly loamy sand, Very gravelly sand"
334,"Gravelly moderately decomposed plant material, Moderately decomposed plant material"
335,"Gravelly sand, Loamy fine sand, Loamy sand, Very gravelly coarse sand"
336,"Gravelly sand, Loamy sand, Sand"
337,"Gravelly sand, Sand"
338,"Gravelly sandy loam, Gravelly silt loam, Loam"
339,"Gravelly sandy loam, Loam, Sandy loam"
340,"Gravelly sandy loam, Loam, Sandy loam, Silt loam"
341,"Gravelly sandy loam, Loam, Silt loam"
342,"Gravelly sandy loam, Loam, Silt loam, Silty clay loam"
343,"Gravelly sandy loam, Loamy sand, Sandy loam"
344,"Gravelly sandy loam, Sandy loam"
345,"Gravelly sandy loam, Sandy loam, Silt loam"
346,"Gravelly sandy loam, Silt loam"
347,"Gravelly sandy loam, Silt loam, Very gravelly coarse sandy loam"
348,"Gravelly sandy loam, Very channery coarse sand, Very channery silt loam"
349,"Gravelly sandy loam, Very gravelly sand, Very gravelly sandy loam"
350,"Gravelly silt loam, Gravelly very fine sandy loam, Silt loam"
351,"Gravelly silt loam, Loam"
352,"Gravelly silt loam, Loam, Loamy sand, Sand, Silty clay loam, Very gravelly sandy loam"
353,"Gravelly silt loam, Loam, Sandy loam, Silt loam, Silty clay loam"
354,"Gravelly silt loam, Loam, Silt loam"
355,"Gravelly silt loam, Loam, Silt loam, Very gravelly sandy loam"
356,"Gravelly silt loam, Loam, Very fine sandy loam"
357,"Gravelly silt loam, Silt loam"
358,"Gravelly silt loam, Silt loam, Very channery coarse sand"
359,"Gravelly silt loam, Very fine sandy loam"
360,"Gravelly silt loam, Very gravelly loam, Very gravelly sandy loam"
361,"Gravelly slightly decomposed plant material, Slightly decomposed plant material"
362,"Gravelly very fine sandy loam, Loam, Silt loam"
363,Highly decomposed plant material
364,"Highly decomposed plant material, Moderately decomposed plant material"
365,"Highly decomposed plant material, Moderately decomposed plant material, Slightly decomposed plant material"
366,"Loam, Sandy loam, Silt loam"
367,"Loam, Sandy loam, Silt loam, Silty clay loam"
368,"Loam, Sandy loam, Very fine sandy loam"
369,"Loam, Silt loam"
370,"Loam, Silt loam, Silty clay loam"
371,"Loam, Silt loam, Stratified silt loam to loamy fine sand, Stratified very fine sandy loam to fine sand, Stratified very fine sandy loam to sandy clay loam, Very fine sandy loam"
372,"Loam, Silt loam, Very fine sandy loam"
373,"Loam, Silt loam, Very fine sandy loam, Very gravelly sandy loam"
374,"Loam, Very gravelly sandy loam, Very gravelly silt loam"
375,"Loamy fine sand, Loamy sand"
376,"Loamy fine sand, Loamy sand, Mucky loamy fine sand, Sand"
377,"Loamy fine sand, Loamy sand, Sand"
378,"Loamy fine sand, Loamy sand, Sand, Very gravelly coarse sand"
379,"Loamy fine sand, Loamy very fine sand"
380,"Loamy fine sand, Mucky loamy sand, Sand, Very gravelly coarse sand"
381,"Loamy fine sand, Silt loam, Very fine sandy loam"
382,"Loamy sand, Mucky sand, Sand"
383,"Loamy sand, Mucky sand, Sandy loam"
384,"Loamy sand, Mucky sandy loam, Sand"
385,"Loamy sand, Silt loam, Very fine sandy loam"
386,"Loamy very fine sand, Sandy clay loam, Silt loam"
387,"Loamy very fine sand, Silt loam, Very fine sand"
388,"Loamy very fine sand, Silt loam, Very fine sand, Very fine sandy loam"
389,"Loamy very fine sand, Silt loam, Very fine sandy loam"
390,"Moderately decomposed plant material, Slightly decomposed plant material"
391,"Muck, Mucky peat"
392,"Muck, Mucky peat, Peat"
393,"Mucky peat, Peat"
394,"Mucky silt loam, Silt loam"
395,"Mucky silt loam, Silt loam, Silty clay loam"
396,"Sandy loam, Silt loam, Silty clay loam"
397,"Sandy loam, Silt loam, Very fine sand"
398,"Sandy loam, Silt loam, Very fine sandy loam"
399,"Sandy loam, Very fine sandy loam"
400,"Sandy loam, Very gravelly sandy loam"
401,"Silt loam, Silty clay loam"
402,"Silt loam, Silty clay loam, Very fine sandy loam"
403,"Silt loam, Silty clay, Silty clay loam"
404,"Silt loam, Stratified gravelly silt loam to sandy clay"
405,"Silt loam, Stratified very gravelly silt loam to very gravelly sandy clay"
406,"Silt loam, Very fine sand, Very fine sandy loam"
407,"Silt loam, Very fine sandy loam"
408,"Silty clay, Silty clay loam"
409,"Stratified gravel to coarse sandy loam, Stratified gravel to gravelly coarse sandy loam, Stratified gravel to gravelly loamy coarse sand, Stratified gravel to gravelly loamy fine sand, Stratified gravel to gravelly loamy sand, Stratified gravel to gravelly sandy loam, Stratified gravel to loamy coarse sand, Stratified gravel to loamy fine sand, Stratified gravel to loamy sand, Stratified gravel to sandy loam"
410,"Stratified very gravelly coarse sand, Very cobbly sand, Very gravelly loamy sand"
411,"Very cobbly sand, Very gravelly coarse sand, Very gravelly loamy sand"
412,"Very cobbly sandy loam, Very gravelly loamy sand, Very gravelly sandy loam"
413,"Very gravelly loamy coarse sand, Very gravelly loamy sand"
